brand_name,brand_site_url,brand_image_url,model_name,model_brand_url,model_image_url
AC,https://www.autoevolution.com/ac/,https://s1.cdn.autoevolution.com/images/producers/ac-sm.jpg,AC  Ace,https://www.autoevolution.com/ac/ace/,https://s1.cdn.autoevolution.com/images/models/thumb/AC-_Ace-1993_main.jpg_tmb.jpg
AC,https://www.autoevolution.com/ac/,https://s1.cdn.autoevolution.com/images/producers/ac-sm.jpg,AC  Aceca,https://www.autoevolution.com/ac/aceca/,https://s1.cdn.autoevolution.com/images/models/thumb/AC-_Aceca-1998_main.jpg_tmb.jpg
AC,https://www.autoevolution.com/ac/,https://s1.cdn.autoevolution.com/images/producers/ac-sm.jpg,AC  Cobra,https://www.autoevolution.com/ac/cobra/,https://s1.cdn.autoevolution.com/images/models/thumb/AC-_Cobra-378-MkIV-2020_main.jpg_tmb.jpg
AC,https://www.autoevolution.com/ac/,https://s1.cdn.autoevolution.com/images/producers/ac-sm.jpg,AC  Frua Convertible,https://www.autoevolution.com/ac/frua-convertible/,https://s1.cdn.autoevolution.com/images/models/thumb/AC-_428-Convertible-1966_main.jpg_tmb.jpg
AC,https://www.autoevolution.com/ac/,https://s1.cdn.autoevolution.com/images/producers/ac-sm.jpg,AC  Frua Coupe,https://www.autoevolution.com/ac/frua-coupe/,https://s1.cdn.autoevolution.com/images/models/thumb/AC-_428-Coupe-1966_main.jpg_tmb.jpg
ACURA,https://www.autoevolution.com/acura/,https://s1.cdn.autoevolution.com/images/producers/acura-sm.jpg,ACURA MDX,https://www.autoevolution.com/acura/mdx/,https://s1.cdn.autoevolution.com/images/models/thumb/ACURA_MDX-2024_main.jpg_tmb.jpg
ACURA,https://www.autoevolution.com/acura/,https://s1.cdn.autoevolution.com/images/producers/acura-sm.jpg,ACURA ADX,https://www.autoevolution.com/acura/adx/,https://s1.cdn.autoevolution.com/images/models/thumb/ACURA_ADX-20245_main.jpg_tmb.jpg
ACURA,https://www.autoevolution.com/acura/,https://s1.cdn.autoevolution.com/images/producers/acura-sm.jpg,ACURA RDX,https://www.autoevolution.com/acura/rdx/,https://s1.cdn.autoevolution.com/images/models/thumb/ACURA_RDX-2021_main.jpg_tmb.jpg
ACURA,https://www.autoevolution.com/acura/,https://s1.cdn.autoevolution.com/images/producers/acura-sm.jpg,ACURA TLX,https://www.autoevolution.com/acura/tlx/,https://s1.cdn.autoevolution.com/images/models/thumb/ACURA_TLX-2020_main.jpg_tmb.jpg
ACURA,https://www.autoevolution.com/acura/,https://s1.cdn.autoevolution.com/images/producers/acura-sm.jpg,ACURA ILX,https://www.autoevolution.com/acura/ilx/,https://s1.cdn.autoevolution.com/images/models/thumb/ACURA_ILX-2018_main.jpg_tmb.jpg
ACURA,https://www.autoevolution.com/acura/,https://s1.cdn.autoevolution.com/images/producers/acura-sm.jpg,ACURA ZDX,https://www.autoevolution.com/acura/zdx/,https://s1.cdn.autoevolution.com/images/models/thumb/ACURA_ZDX-2023_main.jpg_tmb.jpg
ACURA,https://www.autoevolution.com/acura/,https://s1.cdn.autoevolution.com/images/producers/acura-sm.jpg,ACURA Integra Sedan,https://www.autoevolution.com/acura/integra-sedan/,https://s1.cdn.autoevolution.com/images/models/thumb/ACURA_Integra-Type-S-2023_main.jpg_tmb.jpg
ACURA,https://www.autoevolution.com/acura/,https://s1.cdn.autoevolution.com/images/producers/acura-sm.jpg,ACURA CL,https://www.autoevolution.com/acura/cl/,https://s1.cdn.autoevolution.com/images/models/thumb/ACURA_CL-2001_main.jpg_tmb.jpg
ACURA,https://www.autoevolution.com/acura/,https://s1.cdn.autoevolution.com/images/producers/acura-sm.jpg,ACURA CSX,https://www.autoevolution.com/acura/csx/,https://s1.cdn.autoevolution.com/images/models/thumb/ACURA_CSX--2009_main.jpg_tmb.jpg
ACURA,https://www.autoevolution.com/acura/,https://s1.cdn.autoevolution.com/images/producers/acura-sm.jpg,ACURA EL,https://www.autoevolution.com/acura/el/,https://s1.cdn.autoevolution.com/images/models/thumb/ACURA_EL-1997_main.jpg_tmb.jpg
ACURA,https://www.autoevolution.com/acura/,https://s1.cdn.autoevolution.com/images/producers/acura-sm.jpg,ACURA Integra Coupe,https://www.autoevolution.com/acura/integra-coupe/,https://s1.cdn.autoevolution.com/images/models/thumb/ACURA_Integra-1994_main.jpg_tmb.jpg
ACURA,https://www.autoevolution.com/acura/,https://s1.cdn.autoevolution.com/images/producers/acura-sm.jpg,ACURA Legend,https://www.autoevolution.com/acura/legend/,https://s1.cdn.autoevolution.com/images/models/thumb/ACURA_Legend-1991_main.jpg_tmb.jpg
ACURA,https://www.autoevolution.com/acura/,https://s1.cdn.autoevolution.com/images/producers/acura-sm.jpg,ACURA Legend Coupe,https://www.autoevolution.com/acura/legend-coupe-1/,https://s1.cdn.autoevolution.com/images/models/thumb/ACURA_Legend-Coupe-1991_main.jpg_tmb.jpg
ACURA,https://www.autoevolution.com/acura/,https://s1.cdn.autoevolution.com/images/producers/acura-sm.jpg,ACURA NSX,https://www.autoevolution.com/acura/nsx-1/,https://s1.cdn.autoevolution.com/images/models/thumb/ACURA_NSX-2016_main.jpg_tmb.jpg
ACURA,https://www.autoevolution.com/acura/,https://s1.cdn.autoevolution.com/images/producers/acura-sm.jpg,ACURA RL,https://www.autoevolution.com/acura/rl/,https://s1.cdn.autoevolution.com/images/models/thumb/ACURA_RL-2009_main.jpg_tmb.jpg
ACURA,https://www.autoevolution.com/acura/,https://s1.cdn.autoevolution.com/images/producers/acura-sm.jpg,ACURA RLX,https://www.autoevolution.com/acura/rlx/,https://s1.cdn.autoevolution.com/images/models/thumb/ACURA_RLX-2017_main.jpg_tmb.jpg
ACURA,https://www.autoevolution.com/acura/,https://s1.cdn.autoevolution.com/images/producers/acura-sm.jpg,ACURA RSX,https://www.autoevolution.com/acura/rsx/,https://s1.cdn.autoevolution.com/images/models/thumb/ACURA_RSX-2005_main.jpg_tmb.jpg
ACURA,https://www.autoevolution.com/acura/,https://s1.cdn.autoevolution.com/images/producers/acura-sm.jpg,ACURA RSX TYPE-S,https://www.autoevolution.com/acura/rsx-type-s/,https://s1.cdn.autoevolution.com/images/models/thumb/ACURA_RSX-TYPE-S-2005_main.jpg_tmb.jpg
ACURA,https://www.autoevolution.com/acura/,https://s1.cdn.autoevolution.com/images/producers/acura-sm.jpg,ACURA SLX,https://www.autoevolution.com/acura/slx/,https://s1.cdn.autoevolution.com/images/models/thumb/ACURA_SLX-1997_main.jpg_tmb.jpg
ACURA,https://www.autoevolution.com/acura/,https://s1.cdn.autoevolution.com/images/producers/acura-sm.jpg,ACURA TL,https://www.autoevolution.com/acura/tl/,https://s1.cdn.autoevolution.com/images/models/thumb/ACURA_TL-2008_main.jpg_tmb.jpg
ACURA,https://www.autoevolution.com/acura/,https://s1.cdn.autoevolution.com/images/producers/acura-sm.jpg,ACURA TSX,https://www.autoevolution.com/acura/tsx/,https://s1.cdn.autoevolution.com/images/models/thumb/ACURA_Sport-Wagon-2010_main.jpg_tmb.jpg
ALFA ROMEO,https://www.autoevolution.com/alfa-romeo/,https://s1.cdn.autoevolution.com/images/producers/alfa-romeo-sm.jpg,,,
ALPINE,https://www.autoevolution.com/alpine/,https://s1.cdn.autoevolution.com/images/producers/alpine-sm.jpg,,,
ARIEL,https://www.autoevolution.com/ariel/,https://s1.cdn.autoevolution.com/images/producers/ariel-sm.jpg,,,
ARO,https://www.autoevolution.com/aro/,https://s1.cdn.autoevolution.com/images/producers/aro-sm.jpg,,,
ARTEGA,https://www.autoevolution.com/artega/,https://s1.cdn.autoevolution.com/images/producers/artega-sm.jpg,,,
ASTON MARTIN,https://www.autoevolution.com/aston-martin/,https://s1.cdn.autoevolution.com/images/producers/aston-martin-sm.jpg,,,
AUDI,https://www.autoevolution.com/audi/,https://s1.cdn.autoevolution.com/images/producers/audi-sm.jpg,,,
AURUS,https://www.autoevolution.com/aurus/,https://s1.cdn.autoevolution.com/images/producers/aurus-sm.jpg,,,
BAIC MOTOR,https://www.autoevolution.com/baic-motor/,https://s1.cdn.autoevolution.com/images/producers/baic-motor-sm.jpg,,,
BENTLEY,https://www.autoevolution.com/bentley/,https://s1.cdn.autoevolution.com/images/producers/bentley-sm.jpg,,,
BMW,https://www.autoevolution.com/bmw/,https://s1.cdn.autoevolution.com/images/producers/bmw-sm.jpg,,,
BORGWARD,https://www.autoevolution.com/borgward/,https://s1.cdn.autoevolution.com/images/producers/borgward-sm.jpg,,,
BRISTOL,https://www.autoevolution.com/bristol/,https://s1.cdn.autoevolution.com/images/producers/bristol-sm.jpg,,,
BUFORI,https://www.autoevolution.com/bufori/,https://s1.cdn.autoevolution.com/images/producers/bufori-sm.jpg,,,
BUGATTI,https://www.autoevolution.com/bugatti/,https://s1.cdn.autoevolution.com/images/producers/bugatti-sm.jpg,,,
BUICK,https://www.autoevolution.com/buick/,https://s1.cdn.autoevolution.com/images/producers/buick-sm.jpg,,,
BYD,https://www.autoevolution.com/byd/,https://s1.cdn.autoevolution.com/images/producers/byd-sm.jpg,,,
CADILLAC,https://www.autoevolution.com/cadillac/,https://s1.cdn.autoevolution.com/images/producers/cadillac-sm.jpg,,,
CATERHAM,https://www.autoevolution.com/caterham/,https://s1.cdn.autoevolution.com/images/producers/caterham-sm.jpg,,,
CHEVROLET,https://www.autoevolution.com/chevrolet/,https://s1.cdn.autoevolution.com/images/producers/chevrolet-sm.jpg,,,
CHRYSLER,https://www.autoevolution.com/chrysler/,https://s1.cdn.autoevolution.com/images/producers/chrysler-sm.jpg,,,
CITROEN,https://www.autoevolution.com/citroen/,https://s1.cdn.autoevolution.com/images/producers/citroen-sm.jpg,,,
CUPRA,https://www.autoevolution.com/cupra/,https://s1.cdn.autoevolution.com/images/producers/cupra-sm.jpg,,,
DACIA,https://www.autoevolution.com/dacia/,https://s1.cdn.autoevolution.com/images/producers/dacia-sm.jpg,,,
DAEWOO,https://www.autoevolution.com/daewoo/,https://s1.cdn.autoevolution.com/images/producers/daewoo-sm.jpg,,,
DAIHATSU,https://www.autoevolution.com/daihatsu/,https://s1.cdn.autoevolution.com/images/producers/daihatsu-sm.jpg,,,
DATSUN,https://www.autoevolution.com/datsun/,https://s1.cdn.autoevolution.com/images/producers/datsun-sm.jpg,,,
DeLorean,https://www.autoevolution.com/dmc/,https://s1.cdn.autoevolution.com/images/producers/delorean-sm.jpg,,,
DODGE,https://www.autoevolution.com/dodge/,https://s1.cdn.autoevolution.com/images/producers/dodge-sm.jpg,,,
DONKERVOORT,https://www.autoevolution.com/donkervoort/,https://s1.cdn.autoevolution.com/images/producers/donkervoort-sm.jpg,,,
DR MOTOR,https://www.autoevolution.com/dr-motor/,https://s1.cdn.autoevolution.com/images/producers/dr-motor-sm.jpg,,,
DS AUTOMOBILES,https://www.autoevolution.com/ds-automobiles/,https://s1.cdn.autoevolution.com/images/producers/ds-automobiles-sm.jpg,,,
EAGLE,https://www.autoevolution.com/eagle/,https://s1.cdn.autoevolution.com/images/producers/eagle-sm.jpg,,,
FERRARI,https://www.autoevolution.com/ferrari/,https://s1.cdn.autoevolution.com/images/producers/ferrari-sm.jpg,,,
FIAT,https://www.autoevolution.com/fiat/,https://s1.cdn.autoevolution.com/images/producers/fiat-sm.jpg,,,
FISKER,https://www.autoevolution.com/fisker/,https://s1.cdn.autoevolution.com/images/producers/fisker-sm.jpg,,,
FORD,https://www.autoevolution.com/ford/,https://s1.cdn.autoevolution.com/images/producers/ford-sm.jpg,,,
FSO,https://www.autoevolution.com/fso/,https://s1.cdn.autoevolution.com/images/producers/fso-sm.jpg,,,
GEELY,https://www.autoevolution.com/geely/,https://s1.cdn.autoevolution.com/images/producers/geely-sm.jpg,,,
GENESIS,https://www.autoevolution.com/genesis/,https://s1.cdn.autoevolution.com/images/producers/genesis-sm.jpg,,,
GMC,https://www.autoevolution.com/gmc/,https://s1.cdn.autoevolution.com/images/producers/gmc-sm.jpg,,,
GORDON MURRAY Automotive,https://www.autoevolution.com/gordon-murray-automotive/,https://s1.cdn.autoevolution.com/images/producers/gordon-murray-automotive-sm.jpg,,,
GTA Motor,https://www.autoevolution.com/gta-motor/,https://s1.cdn.autoevolution.com/images/producers/gta-motor-sm.jpg,,,
HINDUSTAN,https://www.autoevolution.com/hindustan/,https://s1.cdn.autoevolution.com/images/producers/hindustan-sm.jpg,,,
HOLDEN,https://www.autoevolution.com/holden/,https://s1.cdn.autoevolution.com/images/producers/holden-sm.jpg,,,
HONDA,https://www.autoevolution.com/honda/,https://s1.cdn.autoevolution.com/images/producers/honda-sm.jpg,,,
HUMMER,https://www.autoevolution.com/hummer/,https://s1.cdn.autoevolution.com/images/producers/hummer-sm.jpg,,,
HYUNDAI,https://www.autoevolution.com/hyundai/,https://s1.cdn.autoevolution.com/images/producers/hyundai-sm.jpg,,,
INEOS,https://www.autoevolution.com/ineos/,https://s1.cdn.autoevolution.com/images/producers/ineos-sm.jpg,,,
INFINITI,https://www.autoevolution.com/infiniti/,https://s1.cdn.autoevolution.com/images/producers/infiniti-sm.jpg,,,
ISUZU,https://www.autoevolution.com/isuzu/,https://s1.cdn.autoevolution.com/images/producers/isuzu-sm.jpg,,,
JAGUAR,https://www.autoevolution.com/jaguar/,https://s1.cdn.autoevolution.com/images/producers/jaguar-sm.jpg,,,
JEEP,https://www.autoevolution.com/jeep/,https://s1.cdn.autoevolution.com/images/producers/jeep-sm.jpg,,,
Karma,https://www.autoevolution.com/karma/,https://s1.cdn.autoevolution.com/images/producers/karma-sm.jpg,,,
KIA,https://www.autoevolution.com/kia/,https://s1.cdn.autoevolution.com/images/producers/kia-sm.jpg,,,
KOENIGSEGG,https://www.autoevolution.com/koenigsegg/,https://s1.cdn.autoevolution.com/images/producers/koenigsegg-sm.jpg,,,
KTM,https://www.autoevolution.com/ktm/,https://s1.cdn.autoevolution.com/images/producers/ktm-sm.jpg,,,
LADA,https://www.autoevolution.com/lada/,https://s1.cdn.autoevolution.com/images/producers/lada-sm.jpg,,,
LAMBORGHINI,https://www.autoevolution.com/lamborghini/,https://s1.cdn.autoevolution.com/images/producers/lamborghini-sm.jpg,,,
LANCIA,https://www.autoevolution.com/lancia/,https://s1.cdn.autoevolution.com/images/producers/lancia-sm.jpg,,,
LAND ROVER,https://www.autoevolution.com/land-rover/,https://s1.cdn.autoevolution.com/images/producers/land-rover-sm.jpg,,,
LEXUS,https://www.autoevolution.com/lexus/,https://s1.cdn.autoevolution.com/images/producers/lexus-sm.jpg,,,
LIGHTYEAR,https://www.autoevolution.com/lightyear/,https://s1.cdn.autoevolution.com/images/producers/lightyear-sm.jpg,,,
LINCOLN,https://www.autoevolution.com/lincoln/,https://s1.cdn.autoevolution.com/images/producers/lincoln-sm.jpg,,,
LOTUS,https://www.autoevolution.com/lotus/,https://s1.cdn.autoevolution.com/images/producers/lotus-sm.jpg,,,
Lucid Motors,https://www.autoevolution.com/lucid-motors/,https://s1.cdn.autoevolution.com/images/producers/lucid-motors-sm.jpg,,,
Mahindra,https://www.autoevolution.com/mahindra/,https://s1.cdn.autoevolution.com/images/producers/mahindra-sm.jpg,,,
MARUSSIA,https://www.autoevolution.com/marussia-motors/,https://s1.cdn.autoevolution.com/images/producers/marussia-sm.jpg,,,
MARUTI SUZUKI,https://www.autoevolution.com/maruti-suzuki/,https://s1.cdn.autoevolution.com/images/producers/maruti-suzuki-sm.jpg,,,
MASERATI,https://www.autoevolution.com/maserati/,https://s1.cdn.autoevolution.com/images/producers/maserati-sm.jpg,,,
MAYBACH,https://www.autoevolution.com/maybach/,https://s1.cdn.autoevolution.com/images/producers/maybach-sm.jpg,,,
MAZDA,https://www.autoevolution.com/mazda/,https://s1.cdn.autoevolution.com/images/producers/mazda-sm.jpg,,,
MCLAREN,https://www.autoevolution.com/mclaren/,https://s1.cdn.autoevolution.com/images/producers/mclaren-sm.jpg,,,
MERCEDES BENZ,https://www.autoevolution.com/mercedes-benz/,https://s1.cdn.autoevolution.com/images/producers/mercedes-benz-sm.jpg,,,
Mercedes-AMG,https://www.autoevolution.com/mercedes-amg/,https://s1.cdn.autoevolution.com/images/producers/mercedes-amg-sm.jpg,,,
MERCURY,https://www.autoevolution.com/mercury/,https://s1.cdn.autoevolution.com/images/producers/mercury-sm.jpg,,,
MG,https://www.autoevolution.com/mg/,https://s1.cdn.autoevolution.com/images/producers/mg-sm.jpg,,,
MINI,https://www.autoevolution.com/mini/,https://s1.cdn.autoevolution.com/images/producers/mini-sm.jpg,,,
MITSUBISHI,https://www.autoevolution.com/mitsubishi/,https://s1.cdn.autoevolution.com/images/producers/mitsubishi-sm.jpg,,,
MORGAN,https://www.autoevolution.com/morgan/,https://s1.cdn.autoevolution.com/images/producers/morgan-sm.jpg,,,
NIO,https://www.autoevolution.com/nio/,https://s1.cdn.autoevolution.com/images/producers/nio-sm.jpg,,,
NISSAN,https://www.autoevolution.com/nissan/,https://s1.cdn.autoevolution.com/images/producers/nissan-sm.jpg,,,
OLDSMOBILE,https://www.autoevolution.com/oldsmobile/,https://s1.cdn.autoevolution.com/images/producers/oldsmobile-sm.jpg,,,
OPEL,https://www.autoevolution.com/opel/,https://s1.cdn.autoevolution.com/images/producers/opel-sm.jpg,,,
PAGANI,https://www.autoevolution.com/pagani/,https://s1.cdn.autoevolution.com/images/producers/pagani-sm.jpg,,,
PANOZ,https://www.autoevolution.com/panoz/,https://s1.cdn.autoevolution.com/images/producers/panoz-sm.jpg,,,
PERODUA,https://www.autoevolution.com/perodua/,https://s1.cdn.autoevolution.com/images/producers/perodua-sm.jpg,,,
PEUGEOT,https://www.autoevolution.com/peugeot/,https://s1.cdn.autoevolution.com/images/producers/peugeot-sm.jpg,,,
Pininfarina,https://www.autoevolution.com/pininfarina/,https://s1.cdn.autoevolution.com/images/producers/pininfarina-sm.jpg,,,
PLYMOUTH,https://www.autoevolution.com/plymouth/,https://s1.cdn.autoevolution.com/images/producers/plymouth-sm.jpg,,,
Polestar,https://www.autoevolution.com/polestar/,https://s1.cdn.autoevolution.com/images/producers/polestar-sm.jpg,,,
PONTIAC,https://www.autoevolution.com/pontiac/,https://s1.cdn.autoevolution.com/images/producers/pontiac-sm.jpg,,,
PORSCHE,https://www.autoevolution.com/porsche/,https://s1.cdn.autoevolution.com/images/producers/porsche-sm.jpg,,,
PROTON,https://www.autoevolution.com/proton/,https://s1.cdn.autoevolution.com/images/producers/proton-sm.jpg,,,
QOROS,https://www.autoevolution.com/qoros/,https://s1.cdn.autoevolution.com/images/producers/qoros-sm.jpg,,,
RAM Trucks,https://www.autoevolution.com/ram-trucks/,https://s1.cdn.autoevolution.com/images/producers/ram-trucks-sm.jpg,,,
RENAULT,https://www.autoevolution.com/renault/,https://s1.cdn.autoevolution.com/images/producers/renault-sm.jpg,,,
RIMAC,https://www.autoevolution.com/rimac/,https://s1.cdn.autoevolution.com/images/producers/rimac-sm.jpg,,,
RIVIAN,https://www.autoevolution.com/rivian/,https://s1.cdn.autoevolution.com/images/producers/rivian-sm.jpg,,,
ROLLS-ROYCE,https://www.autoevolution.com/rolls-royce/,https://s1.cdn.autoevolution.com/images/producers/rolls-royce-sm.jpg,,,
ROVER,https://www.autoevolution.com/rover/,https://s1.cdn.autoevolution.com/images/producers/rover-sm.jpg,,,
SAAB,https://www.autoevolution.com/saab/,https://s1.cdn.autoevolution.com/images/producers/saab-sm.jpg,,,
SALEEN,https://www.autoevolution.com/saleen/,https://s1.cdn.autoevolution.com/images/producers/saleen-sm.jpg,,,
SAMSUNG,https://www.autoevolution.com/samsung/,https://s1.cdn.autoevolution.com/images/producers/samsung-sm.jpg,,,
SANTANA,https://www.autoevolution.com/santana/,https://s1.cdn.autoevolution.com/images/producers/santana-sm.jpg,,,
SATURN,https://www.autoevolution.com/saturn/,https://s1.cdn.autoevolution.com/images/producers/saturn-sm.jpg,,,
SCION,https://www.autoevolution.com/scion/,https://s1.cdn.autoevolution.com/images/producers/scion-sm.jpg,,,
SCOUT MOTORS,https://www.autoevolution.com/scout-motors/,https://s1.cdn.autoevolution.com/images/producers/scout-motors-sm.jpg,,,
SEAT,https://www.autoevolution.com/seat/,https://s1.cdn.autoevolution.com/images/producers/seat-sm.jpg,,,
SKODA,https://www.autoevolution.com/skoda/,https://s1.cdn.autoevolution.com/images/producers/skoda-sm.jpg,,,
SMART,https://www.autoevolution.com/smart/,https://s1.cdn.autoevolution.com/images/producers/smart-sm.jpg,,,
SPYKER,https://www.autoevolution.com/spyker/,https://s1.cdn.autoevolution.com/images/producers/spyker-sm.jpg,,,
SSANGYONG,https://www.autoevolution.com/ssang-yong/,https://s1.cdn.autoevolution.com/images/producers/ssangyong-sm.jpg,,,
SUBARU,https://www.autoevolution.com/subaru/,https://s1.cdn.autoevolution.com/images/producers/subaru-sm.jpg,,,
SUZUKI,https://www.autoevolution.com/suzuki/,https://s1.cdn.autoevolution.com/images/producers/suzuki-sm.jpg,,,
TATA MOTORS,https://www.autoevolution.com/tata-motors/,https://s1.cdn.autoevolution.com/images/producers/tata-motors-sm.jpg,,,
TESLA,https://www.autoevolution.com/tesla-motors/,https://s1.cdn.autoevolution.com/images/producers/tesla-sm.jpg,,,
TOYOTA,https://www.autoevolution.com/toyota/,https://s1.cdn.autoevolution.com/images/producers/toyota-sm.jpg,,,
TVR,https://www.autoevolution.com/tvr/,https://s1.cdn.autoevolution.com/images/producers/tvr-sm.jpg,,,
VAUXHALL,https://www.autoevolution.com/vauxhall/,https://s1.cdn.autoevolution.com/images/producers/vauxhall-sm.jpg,,,
VinFast,https://www.autoevolution.com/vinfast/,https://s1.cdn.autoevolution.com/images/producers/vinfast-sm.jpg,,,
VOLKSWAGEN,https://www.autoevolution.com/volkswagen/,https://s1.cdn.autoevolution.com/images/producers/volkswagen-sm.jpg,,,
VOLVO,https://www.autoevolution.com/volvo/,https://s1.cdn.autoevolution.com/images/producers/volvo-sm.jpg,,,
WIESMANN,https://www.autoevolution.com/wiesmann/,https://s1.cdn.autoevolution.com/images/producers/wiesmann-sm.jpg,,,
Xiaomi,https://www.autoevolution.com/xiaomi/,https://s1.cdn.autoevolution.com/images/producers/xiaomi-sm.jpg,,,
Xpeng,https://www.autoevolution.com/xpeng/,https://s1.cdn.autoevolution.com/images/producers/xpeng-sm.jpg,,,
ZENDER,https://www.autoevolution.com/zender/,https://s1.cdn.autoevolution.com/images/producers/zender-sm.jpg,,,
Zenvo,https://www.autoevolution.com/zenvo/,https://s1.cdn.autoevolution.com/images/producers/zenvo-sm.jpg,,,
